{"train_losses": [1.5838590356913336, 1.109133431667209, 1.0583720335649753, 1.3573238893033048, 0.3445039601474696, 0.2732195541293099, 1.1512377057095002, 1.11254913850796, 1.0889903166786536, 1.1030311089229974, 1.0825866966891142, 1.024600360449594, 1.0453849391459444, 1.06532905825808, 1.0579795274266437], "val_losses": [1.2197804373137804, 1.1295851294587298, 1.1264713149729784, 1.0772816795643751, 0.1721748668488448, 0.16150062089043904, 1.0339114413997992, 1.0262209501692918, 1.0176502073683389, 1.0144052229276517, 1.011156882212414, 1.0045517968937634, 1.0020240651882761, 1.0037873159579145, 1.003037204102772]}